{"cameraMode":{"drawMode":0,"name":"Shaded","section":"Shading Mode"},"sceneLighting":true,"audioPlay":false,"sceneViewState":{"showFog":true,"showMaterialUpdate":true,"showSkybox":true,"showFlares":true,"showImageEffects":true,"showParticleSystems":true},"in2DMode":false,"pivot":{"x":49.44383239746094,"y":85.41727447509766,"z":4.3403167724609379},"rotation":{"x":0.0006554938154295087,"y":0.9810051918029785,"z":-0.19467419385910035,"w":0.003696457715705037},"size":142.23184204101563,"orthographic":false}