{"cameraMode":{"drawMode":0,"name":"Shaded","section":"Shading Mode"},"sceneLighting":true,"audioPlay":false,"sceneViewState":{"showFog":true,"showMaterialUpdate":true,"showSkybox":true,"showFlares":true,"showImageEffects":true,"showParticleSystems":true},"in2DMode":false,"pivot":{"x":-40.9360466003418,"y":-52.32924270629883,"z":401.11627197265627},"rotation":{"x":-0.09007319062948227,"y":0.1262158751487732,"z":-0.011354640126228333,"w":-0.987981915473938},"size":181.37789916992188,"orthographic":false}