{"cameraMode":{"drawMode":0,"name":"Shaded","section":"Shading Mode"},"sceneLighting":true,"audioPlay":false,"sceneViewState":{"showFog":true,"showMaterialUpdate":true,"showSkybox":true,"showFlares":true,"showImageEffects":true,"showParticleSystems":true},"in2DMode":false,"pivot":{"x":54.243343353271487,"y":-36.934722900390628,"z":194.5714111328125},"rotation":{"x":-0.22252275049686433,"y":-0.013252859003841877,"z":0.0031992506701499225,"w":-0.9749506115913391},"size":69.65486907958985,"orthographic":false}