{"cameraMode":{"drawMode":0,"name":"Shaded","section":"Shading Mode"},"sceneLighting":true,"audioPlay":false,"sceneViewState":{"showFog":true,"showMaterialUpdate":true,"showSkybox":true,"showFlares":true,"showImageEffects":true,"showParticleSystems":true},"in2DMode":false,"pivot":{"x":50.670684814453128,"y":21.163185119628908,"z":64.67665100097656},"rotation":{"x":-0.28595343232154848,"y":0.0511104017496109,"z":-0.015129717998206616,"w":-0.9568358659744263},"size":12.69424819946289,"orthographic":false}